Workbook

Sheet Resumo
A1: MANGO — ESTIMATIVA DE ESFORÇO (UCP)
A2: Use Case Points — Sprint 1 — Versão 1.0 (11/05/2026)
A4: Projeto | B4: Mango — Leitor de Mangás
A5: Disciplina | B5: Implementação de Software — 2026/1
A6: Equipe | B6: 3 desenvolvedores full stack (Max Soares, Lucas Mendes, Lorenzo Oliveira)
A7: Sprints planejadas | B7: 5
A9: Indicador | B9: Valor | C9: Observações
A10: UAW (Unadjusted Actor Weight) | B10: ='Atores (UAW)'!E10 -> 5 | C10: Soma dos pesos dos atores.
A11: UUCW (Unadjusted Use Case Weight) | B11: ='Casos de Uso (UUCW)'!F10 -> 55 | C11: Soma dos pesos dos casos de uso.
A12: UUCP = UAW + UUCW | B12: =B10+B11 -> 60 | C12: Pontos de caso de uso não ajustados.
A13: TFactor (técnico) | B13: =TCF!F19 -> 38.5 | C13: Soma das contribuições técnicas (13 fatores).
A14: TCF = 0,6 + 0,01 × TFactor | B14: =0.6+0.01*B13 -> 0.985 | C14: Fator de complexidade técnica.
A15: EFactor (ambiental) | B15: =ECF!F14 -> 15.5 | C15: Soma das contribuições ambientais (8 fatores).
A16: ECF = 1,4 − 0,03 × EFactor | B16: =1.4-0.03*B15 -> 0.935 | C16: Fator de complexidade ambiental.
A17: UCP = UUCP × TCF × ECF | B17: =B12*B14*B16 -> 55.2585 | C17: Use Case Points ajustados.
A18: Produtividade (horas / UCP) | B18: 20 | C18: Padrão de 20 h/UCP (entre 15-30 conforme Karner).
A19: Esforço total estimado (horas) | B19: =B17*B18 -> 1105.17 | C19: Horas totais de toda a equipe.
A20: Esforço por desenvolvedor (horas) | B20: =B19/3 -> 368.39 | C20: Distribuído entre os 3 devs.
A21: Carga semanal por desenvolvedor | B21: =B20/B7 -> 73.678 | C21: Esforço médio semanal por dev (em 5 sprints).
A22: Carga semanal — alerta | B22: =IF(B21>60,"⚠ Acima do recomendado","✓ Dentro do esperado") -> ⚠ Acima do recomendado | C22: Limiar de 60 h/semana/dev.
A24: Como interpretar
A25: 1. UAW pondera os atores em Simples (1), Médio (2) e Complexo (3) conforme a interface.
A26: 2. UUCW pondera os casos de uso em Simples (5), Médio (10) e Complexo (15) conforme o número de transações.
A27: 3. TCF aplica 13 fatores técnicos com pesos definidos por Karner (1993); cada um é avaliado de 0 a 5.
A28: 4. ECF aplica 8 fatores ambientais; alguns fatores (E7, E8) têm peso negativo.
A29: 5. Produtividade entre 15 h/UCP (equipe experiente) e 30 h/UCP (equipe iniciante); 20 é um valor mediano.
A30: 6. A estimativa serve como referência relativa; recalibrar a cada retrospectiva de sprint comparando estimado x real.

Sheet Atores (UAW)
A1: UAW — Unadjusted Actor Weight
A2: Pesos de Karner: Simples=1 (API definida), Médio=2 (protocolo), Complexo=3 (humano/GUI)
A4: ID | B4: Ator | C4: Tipo | D4: Justificativa | E4: Peso | F4: Observações
A5: A1 | B5: Leitor (usuário final) | C5: Complexo | D5: Interage com o sistema via interface gráfica JavaFX. | E5: 3 | F5: Padrão para usuários humanos em GUI.
A6: A2 | B6: API MangaDex | C6: Simples | D6: Sistema externo com API REST bem definida e documentada. | E6: 1 | F6: Acesso via HttpClient nativo.
A7: A3 | B7: API de Tradução | C7: Simples | D7: Sistema externo com API REST (DeepL/Google Translate ou LLM). | E7: 1 | F7: Apenas no UC4.
A10: TOTAL UAW | E10: =SUM(E5:E9) -> 5
A12: Legenda de pesos
A13: Tipo | B13: Peso | C13: Descrição
A14: Simples | B14: 1 | C14: Outro sistema, acesso via API bem definida.
A15: Médio | B15: 2 | C15: Outro sistema, acesso via protocolo (ex.: HTTP, TCP).
A16: Complexo | B16: 3 | C16: Pessoa interagindo via GUI ou terminal.

Sheet Casos de Uso (UUCW)
A1: UUCW — Unadjusted Use Case Weight
A2: Simples=5 (≤3 transações), Médio=10 (4-7), Complexo=15 (≥8)
A4: ID | B4: Caso de Uso | C4: Transações | D4: Tipo | E4: Justificativa | F4: Peso
A5: UC1 | B5: Catálogo e Busca de Mangás | C5: 6 | D5: Médio | E5: Busca, filtro, paginação, cache, ficha do mangá, listagem de capítulos. | F5: 10
A6: UC2 | B6: Leitor de Capítulos | C6: 10 | D6: Complexo | E6: Abrir, baixar, navegar, modos de leitura, zoom, ir para página, pré-carga, registrar progresso, retomar, marcar lido. | F6: 15
A7: UC3 | B7: Biblioteca, Histórico e Relatórios | C7: 9 | D7: Complexo | E7: Adicionar, remover, criar coleção, listar coleções, histórico, marcar manual, gerar relatórios (3 tipos), exportar. | F7: 15
A8: UC4 | B8: Tradução Automática (overlay) | C8: 7 | D8: Complexo | E8: Detecção de regiões, OCR, tradução, cache, render overlay, alternar original/traduzida, modo lote. | F8: 15
A10: TOTAL UUCW | F10: =SUM(F5:F9) -> 55
A12: Legenda de pesos
A13: Tipo | B13: Peso | C13: Transações | D13: Descrição
A14: Simples | B14: 5 | C14: 1 a 3 | D14: Caso de uso simples, fluxo único e curto.
A15: Médio | B15: 10 | C15: 4 a 7 | D15: Caso de uso com fluxos alternativos moderados.
A16: Complexo | B16: 15 | C16: ≥ 8 | D16: Caso de uso com múltiplos fluxos, exceções e regras.

Sheet TCF
A1: TCF — Technical Complexity Factor
A2: TCF = 0,60 + 0,01 × Σ(Peso × Rating). Rating de 0 (irrelevante) a 5 (essencial).
A4: ID | B4: Fator técnico | C4: Peso | D4: Rating (0-5) | E4: Contribuição | F4: Justificativa
A5: T1 | B5: Sistema distribuído | C5: 2 | D5: 2 | E5: =C5*D5 -> 4 | F5: Consome APIs externas (MangaDex, tradução), mas processamento principal é local.
A6: T2 | B6: Performance / tempo de resposta | C6: 1 | D6: 4 | E6: =C6*D6 -> 4 | F6: Leitor de mangá exige resposta rápida ao virar página.
A7: T3 | B7: Eficiência do usuário final | C7: 1 | D7: 4 | E7: =C7*D7 -> 4 | F7: Atalhos de teclado e UX fluida são essenciais.
A8: T4 | B8: Processamento interno complexo | C8: 1 | D8: 5 | E8: =C8*D8 -> 5 | F8: OCR e tradução automática no UC4 envolvem algoritmos pesados.
A9: T5 | B9: Reuso de código | C9: 1 | D9: 3 | E9: =C9*D9 -> 3 | F9: Service e Repository compartilhados entre UCs.
A10: T6 | B10: Facilidade de instalação | C10: 0.5 | D10: 3 | E10: =C10*D10 -> 1.5 | F10: Maven com dependências; usuário precisa instalar JRE e Tesseract.
A11: T7 | B11: Facilidade de uso | C11: 0.5 | D11: 4 | E11: =C11*D11 -> 2 | F11: Público leigo; UI deve ser autoexplicativa.
A12: T8 | B12: Portabilidade | C12: 2 | D12: 3 | E12: =C12*D12 -> 6 | F12: JavaFX é multiplataforma; Tesseract exige instalação por SO.
A13: T9 | B13: Facilidade de mudança | C13: 1 | D13: 3 | E13: =C13*D13 -> 3 | F13: Arquitetura em camadas favorece evolução.
A14: T10 | B14: Concorrência | C14: 1 | D14: 3 | E14: =C14*D14 -> 3 | F14: Pré-carga assíncrona e chamadas HTTP simultâneas.
A15: T11 | B15: Recursos de segurança | C15: 1 | D15: 1 | E15: =C15*D15 -> 1 | F15: Sem autenticação; dados locais sem informação sensível.
A16: T12 | B16: Acesso por terceiros | C16: 1 | D16: 1 | E16: =C16*D16 -> 1 | F16: Apenas consome APIs públicas; não expõe API própria.
A17: T13 | B17: Treinamento especial | C17: 1 | D17: 1 | E17: =C17*D17 -> 1 | F17: Usuário comum não precisa de treinamento.
A19: TFactor | E19: =SUM(E5:E17) -> 38.5 | F19: =E19 -> 38.5
A20: TCF = 0,60 + 0,01 × TFactor | E20: =0.6+0.01*E19 -> 0.985 | F20: Fator de complexidade técnica
A23: Rating | B23: Significado
A24: 0 | B24: Fator irrelevante / não se aplica.
A25: 1 | B25: Pouca influência.
A26: 2 | B26: Influência moderada.
A27: 3 | B27: Influência média.
A28: 4 | B28: Influência considerável.
A29: 5 | B29: Influência essencial.

Sheet ECF
A1: ECF — Environmental Complexity Factor
A2: ECF = 1,40 − 0,03 × Σ(Peso × Rating). Atenção: E7 e E8 têm peso negativo.
A4: ID | B4: Fator ambiental | C4: Peso | D4: Rating (0-5) | E4: Contribuição | F4: Justificativa
A5: E1 | B5: Familiaridade com a técnica (UCP / iterativo) | C5: 1.5 | D5: 2 | E5: =C5*D5 -> 3 | F5: Equipe tem conhecimento básico de UCP.
A6: E2 | B6: Experiência na aplicação (domínio) | C6: 0.5 | D6: 2 | E6: =C6*D6 -> 1 | F6: Conhecimento de mangás e leitores existentes.
A7: E3 | B7: Experiência em orientação a objetos | C7: 1 | D7: 3 | E7: =C7*D7 -> 3 | F7: Todos com formação em OO.
A8: E4 | B8: Capacidade do analista líder | C8: 0.5 | D8: 3 | E8: =C8*D8 -> 1.5 | F8: Líder com experiência em projetos acadêmicos.
A9: E5 | B9: Motivação | C9: 1 | D9: 4 | E9: =C9*D9 -> 4 | F9: Tema escolhido pela equipe, alto engajamento.
A10: E6 | B10: Estabilidade dos requisitos | C10: 2 | D10: 4 | E10: =C10*D10 -> 8 | F10: Casos de uso bem definidos desde a Sprint 1.
A11: E7 | B11: Membros em tempo parcial | C11: -1 | D11: 3 | E11: =C11*D11 -> -3 | F11: Estudantes equilibrando estudos e outras disciplinas.
A12: E8 | B12: Linguagem de programação difícil | C12: -1 | D12: 2 | E12: =C12*D12 -> -2 | F12: Java é familiar à equipe; JavaFX requer aprendizado.
A14: EFactor | E14: =SUM(E5:E12) -> 15.5 | F14: =E14 -> 15.5
A15: ECF = 1,40 − 0,03 × EFactor | E15: =1.4-0.03*E14 -> 0.935 | F15: Fator de complexidade ambiental
A18: Notas
A19: • Fator E7 negativo: quanto mais membros em tempo parcial, MENOR a produtividade.
A20: • Fator E8 negativo: quanto mais difícil a linguagem, MENOR a produtividade.
A21: • Para todos os demais, rating mais alto reflete cenário mais favorável.
A22: • ECF típico está entre 0,80 e 1,30; valores fora indicam contexto extremo.

Sheet Esforço por UC
A1: Distribuição de Esforço por Caso de Uso
A2: Distribuição proporcional ao peso UUCW de cada UC.
A4: UC | B4: Nome | C4: Peso UUCW | D4: % do esforço | E4: Horas totais | F4: Horas / dev
A5: UC1 | B5: Catálogo e Busca | C5: ='Casos de Uso (UUCW)'!F5 -> 10 | D5: =C5/SUM($C$5:$C$8) -> 0.18181818 | E5: =D5*Resumo!B19 -> 200.94 | F5: =E5/3 -> 66.98
A6: UC2 | B6: Leitor de Capítulos | C6: ='Casos de Uso (UUCW)'!F6 -> 15 | D6: =C6/SUM($C$5:$C$8) -> 0.27272727 | E6: =D6*Resumo!B19 -> 301.41 | F6: =E6/3 -> 100.47
A7: UC3 | B7: Biblioteca, Histórico, Relatórios | C7: ='Casos de Uso (UUCW)'!F7 -> 15 | D7: =C7/SUM($C$5:$C$8) -> 0.27272727 | E7: =D7*Resumo!B19 -> 301.41 | F7: =E7/3 -> 100.47
A8: UC4 | B8: Tradução Automática | C8: ='Casos de Uso (UUCW)'!F8 -> 15 | D8: =C8/SUM($C$5:$C$8) -> 0.27272727 | E8: =D8*Resumo!B19 -> 301.41 | F8: =E8/3 -> 100.47
A9: TOTAL | C9: =SUM(C5:C8) -> 55 | D9: =SUM(D5:D8) -> 1 | E9: =SUM(E5:E8) -> 1105.17 | F9: =SUM(F5:F8) -> 368.39
A12: Sprint | B12: Foco | C12: % acumulado | D12: Horas planejadas (total equipe) | E12: Horas / dev
A13: Sprint 1 | B13: Planejamento (este documento) | C13: 0.05 | D13: =C13*Resumo!B19 -> 55.2585 | E13: =D13/3 -> 18.4195
A14: Sprint 2 | B14: Implementação UC1 + parte de UC2 | C14: 0.3 | D14: =C14*Resumo!B19 -> 331.551 | E14: =D14/3 -> 110.517
A15: Sprint 3 | B15: Finalizar UC2 + UC3 | C15: 0.3 | D15: =C15*Resumo!B19 -> 331.551 | E15: =D15/3 -> 110.517
A16: Sprint 4 | B16: UC4 — Tradução | C16: 0.2 | D16: =C16*Resumo!B19 -> 221.034 | E16: =D16/3 -> 73.678
A17: Sprint 5 | B17: QA, testes e refinamento | C17: 0.1 | D17: =C17*Resumo!B19 -> 110.517 | E17: =D17/3 -> 36.839
A18: Apresentação | B18: Polimento e demonstração | C18: 0.05 | D18: =C18*Resumo!B19 -> 55.2585 | E18: =D18/3 -> 18.4195
A19: VERIFICAR (deve somar 100%) | C19: =SUM(C13:C18) -> 1 | D19: =SUM(D13:D18) -> 1105.17 | E19: =SUM(E13:E18) -> 368.39
A22: Notas
A23: • A coluna "% acumulado" pode ser ajustada conforme a evolução real do projeto.
A24: • A distribuição inicial reserva 5% para Sprint 1 (planejamento), com pico de 30% nas sprints 2 e 3.
A25: • As horas por dev consideram divisão igualitária entre os 3 membros da equipe.
A26: • Recalibre os percentuais a cada retrospectiva, comparando estimado x real.
